<?xml version="1.0" encoding="UTF-8"?>
<assembly
        xmlns="http://maven.apache.org/plugins/maven-assembly-plugin/assembly/2.0.0"
        xmlns:xsi="http://www.w3.org/2001/XMLSchema-instance" xsi:schemaLocation="http://maven.apache.org/plugins/maven-assembly-plugin/assembly/2.0.0 http://maven.apache.org/xsd/assembly-2.0.0.xsd">
    <id>package</id>
    <formats>
        <format>zip</format>
    </formats>
    <includeBaseDirectory>true</includeBaseDirectory>
    <fileSets>
        <fileSet>
            <directory>src/main/resources</directory>
            <outputDirectory>/conf</outputDirectory>
        </fileSet>
    </fileSets>
    <!--<files>
        <file>
            <source>start.bat</source>
            <outputDirectory>/bin</outputDirectory>
        </file>
        <file>
            <source>start.sh</source>
            <outputDirectory>/bin</outputDirectory>
            <fileMode>755</fileMode>
        </file>
        <file>
            <source>README.md</source>
        </file>
    </files>-->
    <dependencySets>
        <dependencySet>
            <!-- 存放依赖位置，即压缩包下的根目录下的lib文件夹中 -->
            <outputDirectory>/lib</outputDirectory>
            <scope>runtime</scope>
        </dependencySet>
    </dependencySets>
</assembly>